{
	"song": {
		"speed": 2.2,
		"stage": "chaotix",
		"player1": "bf",
		"player2": "migti",
		"events": [],
		"notes": [
			{
				"gfSection": false,
				"altAnim": false,
				"typeOfSection": 0,
				"sectionNotes": [
					[
						0,
						0,
						394.736842105263
					],
					[
						631.578947368421,
						1,
						394.736842105263
					]
				],
				"bpm": 150,
				"sectionBeats": 4,
				"changeBPM": false,
				"mustHitSection": false
			},
			{
				"gfSection": false,
				"altAnim": false,
				"typeOfSection": 0,
				"sectionNotes": [
					[
						1263.15789473684,
						0,
						0
					],
					[
						1342.10526315789,
						2,
						78.9473684210526
					],
					[
						1500,
						0,
						0
					],
					[
						1578.94736842105,
						1,
						0
					],
					[
						1657.89473684211,
						2,
						78.9473684210526
					],
					[
						1815.78947368421,
						3,
						78.9473684210526
					],
					[
						1973.68421052632,
						0,
						0
					],
					[
						2052.63157894737,
						1,
						0
					],
					[
						2131.57894736842,
						2,
						0
					],
					[
						2210.52631578947,
						3,
						0
					],
					[
						2289.47368421053,
						2,
						0
					],
					[
						2368.42105263158,
						1,
						0
					],
					[
						2447.36842105263,
						0,
						0
					]
				],
				"bpm": 150,
				"sectionBeats": 4,
				"changeBPM": false,
				"mustHitSection": false
			},
			{
				"gfSection": false,
				"altAnim": false,
				"typeOfSection": 0,
				"sectionNotes": [
					[
						2526.31578947368,
						5,
						473.684210526316
					],
					[
						2526.31578947368,
						0,
						0
					],
					[
						2605.26315789474,
						2,
						0
					],
					[
						2684.21052631579,
						3,
						0
					],
					[
						2763.15789473684,
						0,
						78.9473684210526
					],
					[
						2921.05263157895,
						2,
						157.894736842105
					],
					[
						3157.8947368421,
						0,
						0
					],
					[
						3236.84210526316,
						2,
						0
					],
					[
						3315.78947368421,
						3,
						0
					],
					[
						3552.63157894737,
						2,
						157.894736842105
					],
					[
						3473.68421052632,
						0,
						0
					]
				],
				"bpm": 190,
				"sectionBeats": 4,
				"changeBPM": false,
				"mustHitSection": true
			},
			{
				"gfSection": false,
				"altAnim": false,
				"typeOfSection": 0,
				"sectionNotes": [
					[
						3789.47368421053,
						0,
						0
					],
					[
						3868.42105263158,
						3,
						157.894736842105
					],
					[
						4105.26315789474,
						0,
						0
					],
					[
						4184.21052631579,
						1,
						0
					],
					[
						4263.15789473684,
						2,
						0
					],
					[
						4342.1052631579,
						1,
						0
					],
					[
						4421.05263157895,
						3,
						0
					],
					[
						4500,
						2,
						0
					],
					[
						4578.94736842105,
						0,
						0
					],
					[
						4657.8947368421,
						1,
						0
					],
					[
						4736.84210526316,
						2,
						0
					],
					[
						4815.78947368421,
						3,
						0
					],
					[
						4894.73684210526,
						0,
						0
					],
					[
						4973.68421052632,
						2,
						0
					]
				],
				"bpm": 190,
				"sectionBeats": 4,
				"changeBPM": false,
				"mustHitSection": true
			},
			{
				"gfSection": false,
				"altAnim": false,
				"typeOfSection": 0,
				"sectionNotes": [
					[
						5052.63157894737,
						7,
						552.631578947368
					],
					[
						5052.63157894737,
						0,
						0
					],
					[
						5131.57894736842,
						1,
						0
					],
					[
						5210.52631578947,
						2,
						0
					],
					[
						5289.47368421053,
						3,
						0
					],
					[
						5368.42105263158,
						0,
						0
					],
					[
						5447.36842105263,
						1,
						0
					],
					[
						5526.31578947368,
						2,
						0
					],
					[
						5605.26315789474,
						3,
						0
					],
					[
						5684.21052631579,
						0,
						0
					],
					[
						5763.15789473684,
						1,
						0
					],
					[
						5842.1052631579,
						2,
						0
					],
					[
						5921.05263157895,
						3,
						0
					],
					[
						6000,
						0,
						0
					],
					[
						6078.94736842105,
						1,
						0
					],
					[
						6157.8947368421,
						2,
						0
					],
					[
						6236.84210526316,
						3,
						0
					]
				],
				"bpm": 190,
				"sectionBeats": 4,
				"changeBPM": false,
				"mustHitSection": false
			},
			{
				"gfSection": false,
				"altAnim": false,
				"typeOfSection": 0,
				"sectionNotes": [
					[
						6315.78947368421,
						0,
						0
					],
					[
						6394.73684210526,
						3,
						0
					],
					[
						6473.68421052631,
						2,
						0
					],
					[
						6552.63157894737,
						0,
						0
					],
					[
						6631.57894736842,
						3,
						0
					],
					[
						6710.52631578947,
						1,
						0
					],
					[
						6789.47368421053,
						0,
						0
					],
					[
						6868.42105263158,
						2,
						0
					],
					[
						6947.36842105263,
						3,
						0
					],
					[
						7026.31578947368,
						0,
						0
					],
					[
						7105.26315789474,
						1,
						0
					],
					[
						7184.21052631579,
						2,
						0
					],
					[
						7263.15789473684,
						3,
						0
					],
					[
						7342.10526315789,
						0,
						0
					],
					[
						7421.05263157895,
						2,
						0
					],
					[
						7500,
						3,
						0
					]
				],
				"bpm": 190,
				"sectionBeats": 4,
				"changeBPM": false,
				"mustHitSection": true
			},
			{
				"gfSection": false,
				"altAnim": false,
				"typeOfSection": 0,
				"sectionNotes": [],
				"bpm": 190,
				"sectionBeats": 4,
				"changeBPM": false,
				"mustHitSection": true
			},
			{
				"gfSection": false,
				"altAnim": false,
				"typeOfSection": 0,
				"sectionNotes": [],
				"bpm": 190,
				"sectionBeats": 4,
				"changeBPM": false,
				"mustHitSection": true
			},
			{
				"gfSection": false,
				"altAnim": false,
				"typeOfSection": 0,
				"sectionNotes": [],
				"bpm": 190,
				"sectionBeats": 4,
				"changeBPM": false,
				"mustHitSection": true
			},
			{
				"gfSection": false,
				"altAnim": false,
				"typeOfSection": 0,
				"sectionNotes": [],
				"bpm": 190,
				"sectionBeats": 4,
				"changeBPM": false,
				"mustHitSection": true
			},
			{
				"gfSection": false,
				"altAnim": false,
				"typeOfSection": 0,
				"sectionNotes": [],
				"bpm": 190,
				"sectionBeats": 4,
				"changeBPM": false,
				"mustHitSection": true
			},
			{
				"gfSection": false,
				"altAnim": false,
				"typeOfSection": 0,
				"sectionNotes": [],
				"bpm": 190,
				"sectionBeats": 4,
				"changeBPM": false,
				"mustHitSection": true
			},
			{
				"gfSection": false,
				"altAnim": false,
				"typeOfSection": 0,
				"sectionNotes": [],
				"bpm": 190,
				"sectionBeats": 4,
				"changeBPM": false,
				"mustHitSection": true
			},
			{
				"gfSection": false,
				"altAnim": false,
				"typeOfSection": 0,
				"sectionNotes": [],
				"bpm": 190,
				"sectionBeats": 4,
				"changeBPM": false,
				"mustHitSection": true
			},
			{
				"gfSection": false,
				"altAnim": false,
				"typeOfSection": 0,
				"sectionNotes": [],
				"bpm": 190,
				"sectionBeats": 4,
				"changeBPM": false,
				"mustHitSection": true
			},
			{
				"gfSection": false,
				"altAnim": false,
				"typeOfSection": 0,
				"sectionNotes": [],
				"bpm": 190,
				"sectionBeats": 4,
				"changeBPM": false,
				"mustHitSection": true
			},
			{
				"gfSection": false,
				"altAnim": false,
				"typeOfSection": 0,
				"sectionNotes": [],
				"bpm": 190,
				"sectionBeats": 4,
				"changeBPM": false,
				"mustHitSection": true
			},
			{
				"gfSection": false,
				"altAnim": false,
				"typeOfSection": 0,
				"sectionNotes": [],
				"bpm": 190,
				"sectionBeats": 4,
				"changeBPM": false,
				"mustHitSection": true
			},
			{
				"gfSection": false,
				"altAnim": false,
				"typeOfSection": 0,
				"sectionNotes": [],
				"bpm": 190,
				"sectionBeats": 4,