{
	"song": {
		"speed": 1.5,
		"stage": "stage",
		"player1": "bf",
		"player2": "dad",
		"events": [
			[
				0,
				[
					[
						"Fade UI Complete",
						"12",
						""
					]
				]
			],
			[
				5806.45161290323,
				[
					[
						"Fade UI Complete",
						"5",
						""
					]
				]
			]
		],
		"notes": [
			{
				"gfSection": false,
				"altAnim": false,
				"typeOfSection": 0,
				"sectionNotes": [
					[
						0,
						2,
						0
					],
					[
						290.322580645161,
						2,
						0
					],
					[
						483.870967741935,
						3,
						193.548387096774
					],
					[
						870.967741935484,
						0,
						193.548387096774
					],
					[
						1258.06451612903,
						2,
						0
					],
					[
						1451.61290322581,
						0,
						0
					]
				],
				"bpm": 150,
				"sectionBeats": 4,
				"changeBPM": false,
				"mustHitSection": false
			},
			{
				"gfSection": false,
				"altAnim": false,
				"typeOfSection": 0,
				"sectionNotes": [
					[
						1548.38709677419,
						2,
						290.322580645161
					],
					[
						1935.48387096774,
						3,
						96.7741935483871
					],
					[
						2225.8064516129,
						0,
						0
					],
					[
						2322.58064516129,
						2,
						290.322580645161
					],
					[
						2709.67741935484,
						3,
						0
					],
					[
						2806.45161290323,
						0,
						0
					],
					[
						2903.22580645161,
						2,
						96.7741935483871
					]
				],
				"bpm": 150,
				"sectionBeats": 4,
				"changeBPM": false,
				"mustHitSection": false
			},
			{
				"gfSection": false,
				"altAnim": false,
				"typeOfSection": 0,
				"sectionNotes": [
					[
						3096.77419354839,
						1,
						96.7741935483871
					],
					[
						3290.32258064516,
						3,
						96.7741935483871
					],
					[
						3483.87096774194,
						1,
						290.322580645161
					],
					[
						3870.96774193548,
						3,
						290.322580645161
					],
					[
						4258.06451612903,
						0,
						290.322580645161
					]
				],
				"bpm": 155,
				"sectionBeats": 4,
				"changeBPM": false,
				"mustHitSection": false
			},
			{
				"gfSection": false,
				"altAnim": false,
				"typeOfSection": 0,
				"sectionNotes": [
					[
						4645.16129032258,
						2,
						290.322580645161
					],
					[
						5032.25806451613,
						2,
						290.322580645161
					],
					[
						5419.35483870968,
						0,
						290.322580645161
					],
					[
						5806.45161290323,
						3,
						290.322580645161
					]
				],
				"bpm": 155,
				"sectionBeats": 4,
				"changeBPM": false,
				"mustHitSection": false
			},
			{
				"gfSection": false,
				"altAnim": false,
				"typeOfSection": 0,
				"sectionNotes": [
					[
						6193.54838709677,
						6,
						677.41935483871
					],
					[
						6967.74193548387,
						5,
						96.7741935483871
					],
					[
						7161.29032258065,
						6,
						483.870967741935
					],
					[
						7548.38709677419,
						5,
						96.7741935483871
					],
					[
						7645.16129032258,
						7,
						0
					],
					[
						6193.54838709677,
						2,
						0
					],
					[
						6483.87096774193,
						2,
						0
					],
					[
						6677.41935483871,
						3,
						193.548387096774
					],
					[
						7064.51612903226,
						0,
						193.548387096774
					],
					[
						7451.61290322581,
						2,
						0
					],
					[
						7645.16129032258,
						0,
						0
					]
				],
				"bpm": 155,
				"sectionBeats": 4,
				"changeBPM": false,
				"mustHitSection": true
			},
			{
				"gfSection": false,
				"altAnim": false,
				"typeOfSection": 0,
				"sectionNotes": [
					[
						7741.93548387097,
						2,
						290.322580645161
					],
					[
						8129.03225806452,
						3,
						96.7741935483871
					],
					[
						8419.35483870968,
						0,
						0
					],
					[
						8516.12903225806,
						2,
						290.322580645161
					],
					[
						8903.22580645161,
						3,
						0
					],
					[
						9000,
						0,
						0
					],
					[
						9096.77419354839,
						2,
						96.7741935483871
					]
				],
				"bpm": 155,
				"sectionBeats": 4,
				"changeBPM": false,
				"mustHitSection": true
			},
			{
				"gfSection": false,
				"altAnim": false,
				"typeOfSection": 0,
				"sectionNotes": [
					[
						9290.32258064516,
						1,
						96.7741935483871
					],
					[
						9483.87096774194,
						3,
						96.7741935483871
					],
					[
						9677.41935483871,
						1,
						290.322580645161
					],
					[
						10064.5161290323,
						3,
						290.322580645161
					],
					[
						10451.6129032258,
						0,
						290.322580645161
					]
				],
				"bpm": 155,
				"sectionBeats": 4,
				"changeBPM": false,
				"mustHitSection": true
			},
			{
				"gfSection": false,
				"altAnim": false,
				"typeOfSection": 0,
				"sectionNotes": [
					[
						10838.7096774194,
						2,
						290.322580645161
					],
					[
						11612.9032258065,
						0,
						290.322580645161
					],
					[
						12000,
						3,
						290.322580645161
					],
					[
						11225.8064516129,
						3,
						290.322580645161
					]
				],
				"bpm": 155,
				"sectionBeats": 4,
				"changeBPM": false,
				"mustHitSection": true
			},
			{
				"gfSection": false,
				"altAnim": false,
				"typeOfSection": 0,
				"sectionNotes": [
					[
						12387.0967741935,
						6,
						1548.38709677419
					]
				],
				"bpm": 155,
				"sectionBeats": 4,
				"changeBPM": false,
				"mustHitSection": false
			},
			{
				"gfSection": false,
				"altAnim": false,
				"typeOfSection": 0,
				"sectionNotes": [],
				"bpm": 155,
				"sectionBeats": 4,
				"changeBPM": false,
				"mustHitSection": true
			}
		],
		"splashSkin": "noteSplashes",
		"validScore": false,
		"gfVersion": "gf",
		"bpm": 155,
		"arrowSkin": "",
		"needsVoices": true,
		"song": "MegaX"
	}
}